ordinal_prise,orateur,texte,debut,fin,sad,disgust,angry,neutral,fear,surprise,happy
1,Mme la présidente,La séance est ouverte.,900.99,902.53,0.0,0.0458447127852486,0.0,0.0721078953797399,0.3338584000320633,0.10235772085366344,0.44583127094928476
1,Mme la présidente,"L’ordre du jour appelle les questions sur le thème : « Quelles réponses à la dissémination inquiétante et à la violence exacerbée du crime organisé en France ? ».Je vous rappelle que la conférence des présidents a fixé à deux minutes la durée maximale de chaque question et de chaque réponse, avec droit de réplique et de contre-réplique.La parole est à M. Jocelyn Dessigny.",902.53,927.84,0.0,0.09987501461748134,0.027654407131776745,0.00916145076092939,0.8294349506676036,0.03387417682220884,0.0
1,M. Jocelyn Dessigny (RN),"Monsieur le ministre, vous proclamez une guerre contre les trafiquants, mais de quelle guerre parle-t-on si vous refusez d’armer l’État ? Certes, la loi contre le narcotrafic contient des annonces, mais sans moyens, c’est un baroud médiatique, pas une stratégie de combat.Prenons l’exemple des points de deal. Ce sont des caisses noires quotidiennes pour les réseaux criminels. Pourtant, ils réapparaissent quelques jours seulement après chaque opération de police. Pourquoi ? Parce qu’il n’y a ni harcèlement permanent, ni continuité d’action, ni coordination locale, ni moyens dédiés. Les maires sont seuls, les préfets attendent des instructions, les forces de l’ordre épuisent leurs effectifs pour ne gagner que trois jours de calme.Côté logistique, même constat : téléphones chiffrés, bunkers de quartier, véhicules relais… Tout cela est connu et documenté, mais les services spécialisés comme Tracfin, l’Office central de lutte contre la corruption et les infractions financières et fiscales (OCLCIFF), les magistrats ou encore les douaniers restent en sous-effectifs, sans renforts ciblés, sans calendrier de déploiement.Surtout, le gouvernement n’a pas fait le choix de présenter un projet de loi de finances rectificative (PLFR), malgré les nouvelles mesures induites par votre texte. Nous l’avons réclamé, mais vous n’avez pas voulu le faire. Or sans PLFR, il n’y aura pas de moyens financiers suffisants ; sans moyens financiers suffisants, il n’y aura pas d’action et tout cela ne restera que du vent.Dans ce contexte, ma première question est simple : quelle feuille de route opérationnelle les ministères de l’intérieur et de la justice ont-ils définie pour la mise en œuvre effective de cette loi ? Pouvez-vous détailler les moyens, le calendrier et les instructions qui seront données aux préfets et aux procureurs ?Comment comptez-vous tarir le flux des criminels si l’on ne parvient pas à contrôler durablement les points de deal et les circuits logistiques, faute de soutien concret aux acteurs de terrain ?",927.84,1047.82,0.0,0.09674979705654874,0.5752615422911102,0.17505020190120385,0.07443933460033596,0.07849912415080133,0.0
1,Mme la présidente,"La parole est à M. le ministre auprès du ministre d’Etat, ministre de l’intérieur.",1047.82,1056.3,0.0,0.0,0.1686188657719286,0.13620451039041304,0.5160264717098955,0.1020633634158937,0.07708678871186918
1,M. François-Noël Buffet,"Mon temps de réponse est limité, mais je vais tenter de vous expliquer comment les choses s’organisent.Tout d’abord, les constats formulés ont notamment été documentés à l’occasion d’une commission d’enquête sénatoriale. Elle a permis d’aboutir à la proposition de loi telle qu’elle a été votée par vous-mêmes comme par le Sénat, et sur laquelle le Conseil constitutionnel a rendu aujourd’hui une décision très largement favorable.Cette loi vise à réorganiser la lutte contre le narcotrafic, du haut jusqu’au bas du spectre. Cela paraît absolument essentiel.Dès lors que nous avons aligné l’organisation de la lutte contre le narcotrafic sur celle que nous appliquons à la lutte contre le terrorisme, plusieurs dispositifs ont été mis en place. Le parquet national anti-criminalité organisée (Pnaco) a été créé. Un état-major spécifiquement dédié à la lutte contre la criminalité organisée a également été installé il y a quelques semaines.Cette nouvelle organisation est verticale : les remontées d’informations seront opérées au niveau régional afin d’être traitées au niveau national si nécessaire. À l’échelle locale, des moyens de coordination seront également mis en place entre le préfet, le procureur de la République et les autres services du ministère de l’intérieur contribuant à la remontée de l’information et à la connaissance du terrain.Vous évoquez les points de deal. Évidemment, ils se situent au bas du spectre du narcotrafic, mais ils font tout de même partie intégrante de la chaîne générale du système, puisque les narcotrafiquants profitent de la vente du quotidien. Cette dernière a d’ailleurs augmenté, de même que les saisies, ce qui atteste déjà de résultats concrets sur ce point.La coordination et la connaissance des situations de fait sont essentielles pour poursuivre la lutte contre les points de deal existants. À long terme, cela permettra à la fois d’assécher les fournisseurs, de réduire la consommation – nous l’espérons – et d’éviter le remplacement de ces points de deal sur le terrain. Je voudrais rappeler que… (Le temps de parole étant écoulé, Mme la présidente coupe le micro de l’orateur.)",1056.3,1098.12,0.0,0.0,0.12443388031086158,0.5585238297981154,0.07485898478492745,0.11304648208511213,0.12913682302098345
1,Mme la présidente,"La parole est à M. Jocelyn Dessigny, pour une seconde question.",1098.12,1191.67,0.0,0.0,0.12618783759745753,0.18850782713856315,0.30748366383073594,0.2185412062163747,0.15927946521686867
1,M. Jocelyn Dessigny (RN),"Monsieur le ministre, vous allez pouvoir poursuivre votre argumentation, mais ce que vous me dites aujourd’hui, ce ne sont que des paroles. Du reste, M. Darmanin nous les a déjà servies. M. Retailleau, quant à lui, n’a pas daigné se préoccuper plus que cela du texte sur le narcotrafic ; il a brillé par son absence, ce que nous avons regretté.Nous avons soutenu ce texte. Mieux, nous l’avons porté face à La France insoumise, qui a défendu les narcotrafiquants tout au long de son examen. Vos députés étaient absents ; nous étions les seuls à être présents pour le défendre. Nous voulons des résultats sur la lutte contre le narcotrafic !Vous ne proposez aujourd’hui que des paroles et de vaines promesses. Vous n’avez pas mobilisé de moyens financiers. Vous n’avez pas prévu de PLFR pour donner des moyens financiers à nos forces de l’ordre, à nos magistrats, à nos préfets. Sans argent ni effectifs supplémentaires, on ne peut pas lutter. Les Français attendent mieux que cela : ils veulent des résultats concrets. Il va falloir mettre la main à la poche, sortir un petit peu plus d’argent et présenter le PLFR que nous vous réclamons. C’est indispensable pour pouvoir appliquer les propositions que vous avez avancées lors des débats portant sur la loi visant à lutter contre le narcotrafic.Nous avons soutenu ce texte, nous l’avons porté face aux incompétences de La France insoumise et de la gauche qui, elles, ont lutté pour défendre les narcotrafiquants. Nous étions là, nous avons fait le nécessaire ; maintenant, nous attendons des résultats. Qu’avez-vous à nous proposer, monsieur le ministre ?",1191.67,1211.97,0.014818832632545229,0.021629105988060556,0.8603882498595253,0.08241366424678423,0.0,0.02075014727308463,0.0
1,Mme la présidente,La parole est à M. le ministre.,1211.97,1283.5,0.0,0.0,0.11248379519116115,0.1749782905827167,0.3467713391864769,0.16718565301123584,0.19858092202840943
1,M. François-Noël Buffet,"Merci d’avoir soutenu le texte que nous avons proposé.Vous me demandez quels sont les résultats concrets. À la date du 30 avril, 9 047 personnes ont été interpellées, 4 600 personnes ont été placées en garde à vue, 1 449 personnes ont été déférées,…",1283.5,1290.75,0.0,0.17031148581162808,0.17623644926346566,0.20631838233283625,0.38046930456960276,0.06666437802246727,0.0
1,M. Jocelyn Dessigny,Mais non ! Arrêtez avec vos chiffres…,1290.75,1302.23,0.015218210512629024,0.01505147280693513,0.9031862772173189,0.04146069857079702,0.0,0.02508334089231992,0.0
1,M. François-Noël Buffet,"…3 000 étrangers en situation irrégulière ont été interpellés, 278 ont été placés en centre de rétention administrative,…",1302.23,1312.29,0.013149696202111637,0.026429919922379943,0.07641716570938706,0.0,0.8646592509648342,0.019343967201287213,0.0
1,M. Jocelyn Dessigny,"Non, non !",1312.29,1314.92,0.03121549097894631,0.0,0.9158540281638107,0.022961693499658584,0.019001432885952407,0.010967354471632053,0.0
1,M. François-Noël Buffet,"…près de 1 000 kilos de stupéfiants ont été saisis, 504 armes ont été saisies (M. Jocelyn Dessigny applaudit par dérision), 1 549 240 euros ont été saisis en espèces, 3 120 000 euros de biens ont été saisis, 359 véhicules ont été saisis, 614 commerces ont été contrôlés et 103 ont été fermés.Voilà les premiers résultats sur vingt-trois villes seulement.",1314.92,1321.65,0.0,0.7977148921598717,0.03909782381506251,0.019980698238949476,0.11430846278173033,0.028898123004386055,0.0
1,M. Jocelyn Dessigny,"Ce sont des résultats comptables, pas de terrain !",1321.65,1326.99,0.0,0.019354549522839493,0.8750819412500906,0.053914443509370316,0.014628025683988497,0.03702104003371105,0.0
1,M. François-Noël Buffet,C’est bien un résultat concret et précis qui répond à votre question.,1326.99,1330.71,0.0,0.026887257965473147,0.0,0.19326946119068425,0.014528711416640744,0.01958978149567283,0.7457247879315291
1,M. Jocelyn Dessigny,"Non, ce n’est pas un résultat !",1330.71,1332.95,0.0,0.02983067241692906,0.7979005478212147,0.09659065913954001,0.01589260876184488,0.05978551186047133,0.0
1,Mme la présidente,"Monsieur le député, il vous reste du temps de réplique : vous pouvez laisser M. le ministre répondre.",1332.95,1337.06,0.0,0.0457141615180141,0.5300410899280269,0.24738261983422918,0.0,0.12273133619712669,0.05413079252260313
1,M. François-Noël Buffet,"Lorsqu’on dit la vérité, évidemment, cela pose toujours des problèmes. Mes propos ne sont pas seulement des mots ; ils décrivent des résultats bien réels.",1337.06,1347.55,0.0,0.0,0.11023306307415895,0.302825979819016,0.2195949338608798,0.11566965826307178,0.2516763649828735
1,M. Jocelyn Dessigny,Mais non !,1347.55,1353.4,0.0,0.024540895850143782,0.8683832362490804,0.03997606422863268,0.030275440280258213,0.036824363391884905,0.0
1,M. François-Noël Buffet,"Ce travail est donc bien mené.Au début du mois de juillet, une réunion sera organisée autour du premier ministre et de l’état-major interministériel de lutte contre la criminalité organisée. Elle concrétisera un certain nombre d’éléments et engagera à nouveau cette procédure de lutte contre le narcotrafic.Je vous invite à avoir confiance dans le texte de loi voté. Il sera bientôt publié et dotera la police et la justice de moyens supplémentaires qui lui manquaient jusqu’à présent.",1353.4,1366.78,0.0,0.0,0.04874634030087965,0.34938344963780005,0.1093915461364151,0.052539544096615855,0.4399391198282893
1,Mme la présidente,La parole est à M. Jocelyn Dessigny.,1366.78,1372.7,0.0,0.0,0.10901632238622523,0.24665199855207126,0.2262914303427158,0.17222624195064878,0.24581400676833892
1,M. Jocelyn Dessigny (RN),"Ce que vous nous dites est un mensonge ; il n’y a pas de moyens financiers supplémentaires affichés pour lutter contre le trafic de drogue. Citez-nous les chiffres ! Dites-nous à quel moment vous allez, dans le PLF, trouver l’argent pour lutter contre le trafic de drogue ! Il n’y a rien dans vos propositions. C’est du vent, ce que vous nous racontez !Les chiffres que vous citez sont ceux qui ont été remontés par les gendarmeries et les préfectures à votre demande. Ce sont les chiffres du quotidien ; il n’y a rien de nouveau dans tout cela. La proposition de loi que vous avez présentée et que nous avons soutenue… (Le temps de parole étant écoulé, Mme la présidente coupe le micro de l’orateur.)",1372.7,1394.21,0.0,0.025572086968719442,0.8588451734972425,0.05543474112677557,0.016728495554403852,0.043419502852858574,0.0
1,Mme la présidente,La parole est à M. le ministre.,1394.21,1412.98,0.0,0.0,0.11248379519116115,0.1749782905827167,0.3467713391864769,0.16718565301123584,0.19858092202840943
1,M. François-Noël Buffet,"Ces données correspondent au résultat des actions menées au quotidien dans les quartiers de reconquête, aux moyens mis en place et aux instructions données…",1412.98,1421.01,0.008290853723063868,0.010165419879560184,0.0,0.2824269071252207,0.008648055010960679,0.0,0.6904687642611945
1,M. Jocelyn Dessigny,"Oui, rien de nouveau !",1421.01,1421.87,0.0,0.724347446981513,0.054757745677473366,0.048587794384530494,0.043480616776847544,0.1288263961796356,0.0
1,M. François-Noël Buffet,"…dans l’attente de pouvoir publier ce texte de loi. Il a fait l’objet, je le rappelle, d’un recours devant le Conseil constitutionnel. Ce recours est aujourd’hui purgé. Le texte sera promulgué prochainement et nous pourrons ainsi déployer les moyens correspondants.Sur le plan budgétaire, nous en sommes à l’étape de la réorganisation et de la mobilisation des moyens existants. Ce n’est pas qu’une question d’argent ; c’est d’abord une question de réorganisation,…",1421.87,1436.31,0.0,0.0,0.08823378842176968,0.4677550469679403,0.03668534183537839,0.02629979542333012,0.38102602735158153
1,M. Jocelyn Dessigny,"Non, c’est d’abord une question d’argent !",1436.31,1439.55,0.014087468828970724,0.017574088173472602,0.8581327757646718,0.08148520858606213,0.0,0.02872045864682272,0.0
1,M. François-Noël Buffet,"…de partage des informations, de capacité à engager les poursuites judiciaires et à rapporter les preuves nécessaires pour faire tomber les gens qui vivent du narcotrafic.",1439.55,1447.72,0.0,0.04998666924474363,0.5145207462692801,0.25960720036776885,0.11890340265244624,0.05698198146576117,0.0
1,M. Jocelyn Dessigny,Fausses promesses ! Donnez-nous des résultats !,1447.72,1448.0,0.01497416158473,0.0,0.9135887178187213,0.032047162088358644,0.015013683509656038,0.024376274998534002,0.0
1,M. François-Noël Buffet,"C’est cela, la réalité. Ce n’est pas simplement une question budgétaire.",1448.0,1451.5,0.0,0.0,0.08811811261424929,0.47493552873884526,0.05084486864024974,0.08821538211040704,0.29788610789624864
1,Mme la présidente,La parole est à M. Emeric Salmon.,1451.5,1461.38,0.0,0.0,0.117740657276235,0.22350229687149933,0.24085139950545198,0.1640610363873573,0.2538446099594564
1,M. Emeric Salmon (RN),"Ces dernières semaines, notre pays a été confronté à un phénomène particulièrement inquiétant : une vague d’enlèvements liés au milieu de la cryptomonnaie. Le 26 mai, dix individus ont été interpellés, révélant l’existence d’un réseau de criminalité organisée qui cible les entrepreneurs et leurs familles.Deux affaires récentes survenues à Paris illustrent cette escalade de violence. Le 1er mai, le père d’un investisseur en cryptomonnaies a été enlevé, séquestré et torturé avant d’être sauvé par la brigade de recherche et d’intervention (BRI). Quelques jours plus tard, la fille d’un entrepreneur reconnu du secteur a échappé de justesse à une tentative d’enlèvement en pleine rue, sous les yeux des passants.Depuis le début de l’année, cinq affaires similaires ont été recensées, démontrant que cette forme de criminalité s’étend désormais sur l’ensemble du territoire, y compris en zone rurale. En Haute-Saône, dans ma circonscription, le jeune Simon Arthuis a tragiquement perdu la vie, assassiné par des criminels attirés par son patrimoine en cryptomonnaies. Alors que le procès de ses meurtriers est en cours, je tiens ici à adresser mes pensées à sa famille et à rendre hommage à sa mémoire.Face à cette criminalité organisée en constante évolution, des mesures fortes et immédiates s’imposent. Le groupe Rassemblement national, avec Marine Le Pen, propose notamment une augmentation significative des effectifs de police, de gendarmerie et de magistrats, le renforcement de l’arsenal pénal par le rétablissement des peines planchers, la fin des réductions de peine automatiques pour les crimes violents, la construction de milliers de places de prison, l’expulsion des criminels étrangers et l’instauration d’une présomption de légitime défense pour nos forces de l’ordre.Monsieur le ministre, quelle action concrète votre ministère entend-il conduire face à l’essor alarmant de cette criminalité organisée qui cible notamment le secteur des cryptomonnaies ?",1461.38,1520.69,0.0,0.0433614909514616,0.06358430188137913,0.011371643100176547,0.8572918539143047,0.024390710152678026,0.0
1,Mme la présidente,La parole est à M. le ministre.,1520.69,1571.46,0.0,0.0,0.11248379519116115,0.1749782905827167,0.3467713391864769,0.16718565301123584,0.19858092202840943
1,M. François-Noël Buffet,"Ces dernières semaines, nous avons été frappés par une série d’enlèvements et de tentatives d’enlèvement d’une extrême violence. Ces faits ont effectivement ciblé des professionnels du secteur des cryptoactifs dans le Cher et dans les 11e et 14e arrondissements de Paris.Le constat s’impose : ces attaques ciblent clairement des professionnels du secteur. Elles ne sont plus de simples faits divers, mais relèvent bien d’une criminalité structurée, comme vous venez de le souligner.Je rappelle que le ministère de l’intérieur a récemment construit un dispositif de prévention avec les acteurs de la filière.Je rappelle également que le commanditaire présumé des enlèvements a été arrêté le 3 juin au Maroc.Le plan de prévention que j’ai évoqué prévoit le recensement des professionnels du secteur et de leurs proches pour leur proposer d’abord un accès prioritaire au numéro d’urgence qu’est le 17, l’inscription aux fichiers de gendarmerie et de police, l’organisation d’une consultation de sûreté de leur domicile par les référents de sûreté de police, ainsi qu’un briefing de sécurité assuré par le Groupe d’intervention de la gendarmerie nationale (GIGN), le Raid, la BRI ou la préfecture de police au profit des acteurs les plus concernés, l’établissement d’une procédure d’urgence avec le commandement du ministère de l’intérieur dans le cyberespace, en charge de l’accompagnement de la filière, et enfin la mise en place d’une formation spécifique pour les policiers et les gendarmes.Un mois plus tard, les premiers résultats sont là : 425 personnes parmi les professionnels du secteur et leurs proches ont déjà été recensées et contactées par les forces de sécurité aux fins d’une inscription dans les fichiers ou de consultations.Un travail interministériel est en cours, en lien notamment avec le ministère de la justice, afin de préparer un décret permettant de supprimer les mentions des adresses personnelles des dirigeants du registre du commerce et des sociétés.Le renforcement de la sécurité des acteurs passe également par des mesures de communication.Voilà les premières mesures qui ont été prises devant l’urgence de la situation. Elles constituent une première étape de protection. Dans un second temps, les poursuites judiciaires sont bien entendu engagées et les condamnations interviendront si les faits sont établis, ce qui ne fait pas de doute.",1571.46,1585.57,0.0,0.08122201044474012,0.5015036086333476,0.09903165304735273,0.23775074552388376,0.08049198235067571,0.0
1,Mme la présidente,"La parole est à M. Emeric Salmon, pour une seconde question.",1585.57,1710.39,0.0,0.0,0.1393444562107566,0.18131693687146133,0.3088711033427897,0.22248870609602636,0.14797879747896597
1,M. Emeric Salmon (RN),"Elle porte sur un autre sujet.La France est confrontée à une augmentation préoccupante de la délinquance impliquant des mineurs non accompagnés (MNA), également appelés mineurs étrangers isolés. À Paris, en 2020, ces mineurs étaient impliqués dans plus de 40 % des vols à la tire, 30 % des vols avec violence et environ 30 % des cambriolages selon les données publiées.Le rapport du Sénat de 2021 confirme cette tendance alarmante, indiquant qu’à Paris, les MNA représentaient alors 42 % des vols à la tire, 29 % des vols avec effraction et 27 % des vols avec violence. Depuis, ces chiffres n’ont cessé de croître.Nombre d’entre eux, souvent majeurs en réalité, sont exploités par des réseaux criminels impliqués dans le trafic de stupéfiants, les vols organisés ou encore le racket. Ces réseaux agissent en toute impunité sur notre territoire, profitant de la faiblesse de notre système judiciaire et de la générosité de notre modèle social.Cette situation a également un coût considérable pour les finances publiques. Selon Départements de France, la prise en charge d’un MNA représente en moyenne 50 000 euros par an, soit une dépense annuelle totale supérieure à 2 milliards d’euros. En période de contrainte budgétaire, il faut s’interroger sur ce montant.Il est temps de mettre fin à l’angélisme migratoire : le lien entre immigration irrégulière et criminalité organisée ne peut plus être ignoré. Avec Marine Le Pen et le Rassemblement national, nous proposons de mettre un terme à l’accueil systématique des MNA, de rendre obligatoire les tests osseux pour évaluer leur âge, donc la réalité de leur minorité, et d’expulser les délinquants étrangers vers leur pays d’origine.La France ne peut rester un terrain d’exploitation pour les mafias étrangères. Il est temps de rétablir l’ordre et l’autorité de l’État.Une proportion significative de ces mineurs délinquants est de nationalité marocaine. Dans le contexte du récent rapprochement diplomatique entre la France et le royaume du Maroc, le gouvernement envisage-t-il de renforcer la coopération avec ce pays afin de faciliter et d’accélérer le retour dans leur pays d’origine des mineurs délinquants concernés ?",1710.39,1826.5,0.0,0.12570305400336487,0.55349347688539,0.10961643033014548,0.14097620363433963,0.07021083514675999,0.0
2,Mme la présidente,La parole est à M. le ministre.,1826.5,1832.71,0.0,0.0,0.11248379519116115,0.1749782905827167,0.3467713391864769,0.16718565301123584,0.19858092202840943
2,M. François-Noël Buffet,"Je commencerai par rappeler qu’en 2023, le nombre des mineurs délinquants a diminué, bien que la police aux frontières enregistre toujours une augmentation nette des entrées sur le territoire. Ces mineurs viennent pour l’essentiel d’Afrique du Nord. Ils peuvent être auteurs d’infractions, mais ils sont aussi victimes de réseaux criminels, c’est incontestable, notamment de traite des êtres humains, et en particulier dans le monde de la prostitution. L’usage de la violence pour commettre des délits ou des crimes ainsi que le port d’arme blanche sont en hausse. Tout cela est clair. L’usage de drogue peut expliquer certains comportements.Sur le fond, vous connaissez le statut particulier des MNA : ils ne sont pas considérés comme des étrangers en situation irrégulière, mais comme des mineurs. La question de la détermination de la minorité est parfaitement connue, et je crois que les départements mènent ce travail de manière assez efficace.",1832.71,1883.23,0.0,0.0752423731828446,0.30504765291818575,0.15708625679281735,0.3494205998513349,0.11320311725481741,0.0
2,M. Jocelyn Dessigny,Non !,1883.23,1886.94,0.017498084682458906,0.0,0.9106582712611406,0.039939569482320754,0.01476611374289075,0.017137960831188966,0.0
2,M. François-Noël Buffet,"Le fichier national est tout à fait utile, et évite le nomadisme qui pouvait exister.",1886.94,1893.53,0.0,0.023333653238701915,0.025258563150887547,0.29695330937171,0.021168430000659696,0.0,0.6332860442380409
2,M. Jocelyn Dessigny,Mais non ! Sortez dans la rue !,1893.53,1894.41,0.0,0.02145620356161104,0.8596908757334968,0.03010361222509207,0.044353265699492585,0.04439604278030756,0.0
2,M. François-Noël Buffet,"Quant au renvoi dans les pays d’origine, nous discutons d’accords de réadmission avec les pays sources. C’est un travail quotidien, régulier, et qui progresse – sauf avec l’Algérie pour l’instant, nous en sommes bien d’accord. Nous prenons ainsi les mesures nécessaires pour les reconduire dans leur pays d’origine si leur minorité n’est pas reconnue.",1894.41,1934.75,0.0,0.0,0.04383266688472452,0.26570036162328126,0.09043577959281036,0.05211187166831695,0.5479193202308669
2,Mme la présidente,La parole est à M. Emeric Salmon.,1934.75,1938.57,0.0,0.0,0.117740657276235,0.22350229687149933,0.24085139950545198,0.1640610363873573,0.2538446099594564
2,M. Emeric Salmon (RN),Votre réponse pleine d’angélisme m’inquiète un peu. Il est grand temps de forcer les tests osseux pour vérifier réellement la minorité de ces individus – ou plutôt leur majorité.,1938.57,1950.5,0.0,0.027074875487238834,0.013293881274318138,0.0,0.9364133534158122,0.016038457742662122,0.007179432079968664
2,M. Jocelyn Dessigny,Évidemment !,1950.5,1950.93,0.0,0.08939178682756402,0.5196992695637872,0.07772959237222873,0.15346259535490261,0.15971675588151743,0.0
2,Mme la présidente,La parole est à M. Nicolas Dragon.,1950.93,1961.77,0.0,0.0,0.11593484725783022,0.24242024907330964,0.2070874621657616,0.1628273901770941,0.2717300513260044
2,M. Nicolas Dragon (RN),"La récente proposition du garde des sceaux concernant la suppression de l’argent liquide afin de lutter contre le crime organisé marquerait une rupture avec les rapports commerciaux et sociaux que l’humanité connaît depuis des siècles. En effet, l’argent liquide constitue un moteur pour les échanges et le commerce ; il est notamment utilisé par les plus modestes, qui ne comptent pas sur la carte bancaire pour gérer leur budget et vivre, voire survivre, à la fin du mois. Sa suppression porterait un coup dur à de nombreux commerces, notamment ruraux : il est essentiel au développement économique de ces territoires déjà en tension. Elle porterait aussi atteinte à la liberté des individus de disposer de leur argent comme ils l’entendent.Dans le contexte du narcotrafic, l’argent liquide est central et il pourrait sembler logique de vouloir briser ces mécanismes en le remplaçant par des moyens de paiement traçables, afin de faciliter les investigations sur les trafics de drogue mais aussi d’armes. Cependant, les criminels s’adaptent toujours plus rapidement pour échapper à la justice ; le développement de nombreuses cryptomonnaies, que viennent d’évoquer mes collègues, permet déjà aux trafiquants d’éviter toute traçabilité. Le gouvernement voudrait aller vers la fin de l’argent liquide afin d’enrayer le narcotrafic, mais le développement des cryptomonnaies rendrait cette politique caduque.Il serait donc pertinent de s’inspirer plutôt des propositions du Rassemblement national, que je représente ce soir avec mes collègues, notamment en matière de lutte contre le blanchiment d’argent.",1961.77,2071.44,0.0,0.06722260308688804,0.5790924026074833,0.21573404530510862,0.09074907826852742,0.04720187073199257,0.0
2,Mme la présidente,La parole est à M. le ministre.,2071.44,2078.17,0.0,0.0,0.11248379519116115,0.1749782905827167,0.3467713391864769,0.16718565301123584,0.19858092202840943
2,M. François-Noël Buffet,"La loi relative au narcotrafic, dont je rappelle le caractère définitif depuis la décision rendue aujourd’hui par le Conseil constitutionnel, supprime les paiements en argent liquide pour la location des voitures, par exemple. Elle prévoit également que les personnes qui achètent des cartes téléphoniques prépayées devront donner leur identité. Ce sont des mesures très intéressantes que nous allons maintenant pouvoir mettre en place.S’agissant des cryptomonnaies, le texte donne aussi aux services les moyens d’enquêter sur les réseaux financiers, notamment en matière d’identification. Nous pourrons ainsi soit les bloquer, soit engager des poursuites. Nous sommes donc déterminés.Les préfets pourront également ordonner la fermeture administrative de commerces soupçonnés de blanchiment d’argent.Voilà les mesures très concrètes qui pourront maintenant s’appliquer.",2078.17,2123.25,0.0,0.1063741176815223,0.10469696402690284,0.5756033563649545,0.0,0.06863444569609137,0.144691116230529
2,Mme la présidente,La parole est à M. Nicolas Dragon.,2123.25,2173.75,0.0,0.0,0.11593484725783022,0.24242024907330964,0.2070874621657616,0.1628273901770941,0.2717300513260044
2,M. Nicolas Dragon (RN),"Merci de vos réponses. Je comprends aussi que le Conseil constitutionnel a censuré un certain nombre d’articles de la loi « narcotrafic », ce que j’estime très regrettable, même si je respecte bien évidemment cette institution.Mais il faut accélérer. Les Français veulent des actes, le plus vite possible : ils ne peuvent plus attendre.",2173.75,2196.18,0.912958272360551,0.0,0.04308263037114573,0.012593922229779992,0.01619916242276279,0.0,0.015166012615760461
2,Mme la présidente,La parole est à M. le ministre.,2196.18,2215.7,0.0,0.0,0.11248379519116115,0.1749782905827167,0.3467713391864769,0.16718565301123584,0.19858092202840943
2,M. François-Noël Buffet,"Le Conseil constitutionnel était saisi de trente-huit articles sur les soixante-quatre que compte la loi ; trente-deux ont été acceptés, six censurés soit totalement, soit partiellement. On peut donc dire que l’ensemble du texte a été validé. Il va pouvoir produire ses effets, et nos services recevront des moyens pour lutter contre le blanchiment d’argent.",2215.7,2245.3,0.0,0.02541416132524905,0.020961311245950964,0.19675678597717106,0.0,0.027617049666832746,0.7292506917847962
2,Mme la présidente,La parole est à M. Eddy Casterman.,2245.3,2253.68,0.0,0.0,0.14201984875298307,0.3536412824003377,0.14739664127786287,0.1534837450333738,0.20345848253544252
2,M. Eddy Casterman (RN),"Le narcobanditisme s’enracine dangereusement sur notre territoire. En 2024, lors de leur audition au Sénat, les magistrats de Marseille ont lancé l’alerte quant à l’émergence d’une véritable contre-société structurée et dotée de moyens financiers et technologiques considérables. Aujourd’hui, nos forces de l’ordre sont démunies, dépassées par l’ampleur du phénomène ; elles manquent cruellement de moyens matériels pour mener à bien leur mission première : lutter contre le crime.Je souhaite vous interpeller sur deux points : l’insuffisance chronique des équipements disponibles pour les policiers et les gendarmes ; le mur juridique que rencontrent les forces de l’ordre pour disposer des avoirs et matériels saisis et qui demeurent gelés par la justice.Les policiers et les gendarmes font part de leur désarroi face à la pénurie de véhicules, par exemple. Comment peuvent-ils espérer démanteler des réseaux de trafic de drogue s’ils n’ont même pas les moyens de se déplacer rapidement ? En 2023, plus de 1 milliard d’euros d’avoirs criminels ont été saisis. Pourquoi ne pas en utiliser une partie significative pour améliorer concrètement les moyens des pelotons de surveillance et d’intervention de la gendarmerie (Psig), des brigades antistupéfiants ou des douanes ? Cet argent pourrait par exemple financer des drones ou des véhicules, essentiels à la surveillance de réseaux, mais aussi aider au logement ou à la mobilité des agents les plus exposés.Donnons à ceux qui nous protègent les moyens de remplir cette mission ! Il faut frapper les narcotrafiquants là où ça fait mal, c’est-à-dire au portefeuille. Ce que nous saisissons doit devenir une arme qui se retourne contre ceux qui pourrissent la vie des Français.Nous devons donc amorcer une simplification juridique et garantir aux forces de l’ordre qu’elles bénéficieront d’un retour financier et matériel direct, afin de renforcer leur capacité à lutter contre le crime organisé, avec un appareil juridique qui les soutient.Cette proposition répond à votre volonté politique de lutte contre le narcotrafic. Elle est prévue par la loi contre le narcotrafic, que le groupe Rassemblement national a soutenue et permis de faire adopter. Dans quels délais cette mesure, tant attendue de nos forces de l’ordre, sera-t-elle mise en place ? Elles vous regardent !",2253.68,2377.91,0.0,0.16380793438619265,0.1469196082078276,0.055132147021505054,0.5835519137001618,0.05058839668431292,0.0
2,Mme la présidente,La parole est à M. le ministre.,2377.91,2380.29,0.0,0.0,0.11248379519116115,0.1749782905827167,0.3467713391864769,0.16718565301123584,0.19858092202840943
2,M. François-Noël Buffet,"Afin d’aller au-delà des éléments de langage que j’entends régulièrement, je vous dirai que les biens et le numéraire saisis par les forces de sécurité intérieures dans le cadre de leurs enquêtes judiciaires sont confiés à l’Agence de gestion et de recouvrement des avoirs saisis et confisqués (Agrasc). Une partie du montant des confiscations abonde directement le budget général de l’État, en application du principe d’universalité budgétaire. Par exception, une autre partie est versée à des fonds de concours : celui géré par la mission interministérielle de lutte contre les drogues et les conduites addictives (Mildeca) est alimenté par les sommes définitivement confisquées par les autorités judiciaires en matière de trafic de stupéfiants ; celui de l’Agrasc.En 2024, la gendarmerie a saisi pour 564 millions d’euros d’avoirs criminels, sur un peu plus de 1,2 milliard au niveau national, soit la moitié. Elle a bénéficié d’un peu plus de 13 millions d’euros grâce au fonds Mildeca et d’un peu moins de 2 millions d’euros grâce au fonds Agrasc. En outre, 361 véhicules lui ont été affectés.Bref, au-delà des pétitions de principe, les règles existent pour que le budget de l’État, notamment via ces deux fonds, continue de donner à nos services les moyens d’agir. Ce que vous demandez existe déjà, et vous devriez être satisfait.",2380.29,2479.22,0.0,0.022597224086330303,0.010016229191612512,0.20493732612420776,0.0,0.013380258345614486,0.749068962252235
2,Mme la présidente,La parole est à Mme Ersilia Soudais.,2479.22,2485.18,0.0,0.0,0.13763084696015027,0.27008221702564567,0.22607955336941396,0.1702421324256727,0.19596525021911743
2,Mme Ersilia Soudais (LFI-NFP),"La police nationale a publié une note qui pointe une croissance du crime organisé en France et qui souligne une professionnalisation des pratiques criminelles, les séjours en prison tendant à amplifier ce phénomène. Cette note est très instructive, mais elle se trompe de cible.Je ne saurais choisir parmi la multitude d’affaires de corruption qui concernent les élus de la République et les hauts responsables politiques, tant elles sont nombreuses. Je peux tout de même citer Rachida Dati, ministre de la culture, soupçonnée d’avoir touché 299 000 euros de la part du groupe GDF Suez pour agir en faveur du secteur gazier lorsqu’elle était eurodéputée, ou Marine Le Pen, déclarée coupable de détournement de fonds publics à hauteur de 1,8 million d’euros.Comment voulez-vous que nos concitoyens respectent la loi si ceux qui la font ne la respectent pas eux-mêmes ? Ces crimes ne sont pas anodins ; ils révèlent les fissures d’un système démocratique défaillant. Les conséquences de cette corruption sont tout aussi dramatiques que la hausse des tentatives d’assassinat ou des faits de trafic de drogue. Ces crimes ont des conséquences sur notre démocratie : abstention, perte de confiance dans les élus et dans la démocratie, virage vers un régime de plus en plus autoritaire.Qui dissémine réellement le crime organisé en France ? Qui sont les véritables criminels ?Nous aimerions que la police nationale et le gouvernement cessent de viser et de stigmatiser toujours les mêmes personnes. Il est inutile de rappeler les contrôles au faciès – le risque de contrôle est vingt fois plus élevé pour un jeune homme perçu comme Noir ou Arabe que pour le reste de la population – comme il est inutile de rappeler la violence illégitime et disproportionnée souvent utilisée par les forces de l’ordre lors de leurs interpellations. Il est en revanche plus que jamais nécessaire de restructurer le débat et de se pencher sur la question de la corruption et des crimes commis par les personnalités politiques.Demandons-nous à qui profite le crime, surtout quand l’extrême droite ne cesse de gagner du terrain.",2485.18,2591.63,0.0,0.1424120682379922,0.4608691340919064,0.21530797305743876,0.062531219422738,0.11887960518992464,0.0
2,Mme la présidente,La parole est à M. le ministre.,2591.63,2602.76,0.0,0.0,0.11248379519116115,0.1749782905827167,0.3467713391864769,0.16718565301123584,0.19858092202840943
2,M. François-Noël Buffet,"Vous affirmez des choses dont je crois pouvoir dire qu’elles ne sont en rien réellement documentées – au moins dans leur volume. Vous parlez de façon générale, considérant que l’État et le gouvernement mènent des contrôles d’identité uniquement au faciès, que le trafic de stupéfiants n’est qu’un problème accessoire, qu’il vaudrait mieux se concentrer sur des personnes ; et vous citez deux noms, après avoir laissé entendre que tous les élus étaient corrompus.Je vous rappelle un principe auquel je crois – ou j’espère – que vous êtes attachée : la présomption d’innocence. En tout cas, l’avocat que j’ai été y reste très attaché et ne saurait tenir des propos aussi généraux et aussi péremptoires, surtout sans apporter la moindre preuve.Ensuite, les actions menées par les services de police sont parfaitement documentées, notamment en ce qui concerne le narcotrafic, qui génère plus de 2,5 milliards de chiffre d’affaires. C’est un système organisé sous forme d’entreprise, qui dans certains cas utilise des êtres humains comme de la chair à canons, et qui n’hésite pas à distribuer des stupéfiants, ce qui entraîne des conséquences dramatiques pour ceux qui en consomment – encore faudrait-il qu’ils cessent de le faire.La lutte contre la corruption existe et elle fonctionne. Des procédures sont engagées, certaines enquêtes aboutissent, d’autres non, faute de preuves suffisantes. Vous ne pouvez pas détourner ainsi l’attention de la masse de la corruption. Celle-ci est considérable et elle découle notamment du narcotrafic – l’argent qui en est issu est utilisé pour corrompre des acteurs publics ou privés. La loi est bien faite : elle permet de les poursuivre et les condamner. L’élu et le ministre que je suis ne peuvent accepter que vous teniez un propos aussi général – il est manifestement infondé et extrêmement dangereux.",2602.76,2761.73,0.014087780484480412,0.019839372734158516,0.8730913674144338,0.07057861005689595,0.0,0.022402869310031243,0.0
3,Mme la présidente,"La parole est à M. Emeric Salmon, pour un rappel au règlement.",2761.73,2767.44,0.0,0.0,0.19520711241657976,0.22499897250924242,0.2640840534165506,0.18270549807205227,0.13300436358557496
3,M. Emeric Salmon,"Il se fonde sur l’article 70 alinéa 3 relatif aux mises en causes personnelles. Mme Soudais, pendant son intervention, a qualifié Marine Le Pen de criminelle. Je rappellerai que Marine Le Pen est présumée innocente, M. le ministre l’a souligné. En outre, elle n’est accusée d’aucun crime.",2767.44,2791.29,0.0,0.058221758211593755,0.2424886259644237,0.4170031535094436,0.0,0.12030521601578166,0.1619812462987573
3,Mme la présidente,La parole est à Mme Ersilia Soudais.,2791.29,2797.2,0.0,0.0,0.13763084696015027,0.27008221702564567,0.22607955336941396,0.1702421324256727,0.19596525021911743
3,Mme Ersilia Soudais,"Tout ce dont je vous parle est parfaitement documenté. Lorsque j’ai dit qu’« un jeune homme perçu comme noir ou arabe » a vingt fois plus de chances d’être contrôlé que le reste de la population, je citais les propos du Défenseur des droits en 2017. Amnesty international a bien documenté également les contrôles au faciès.",2797.2,2816.76,0.0,0.024136908115778788,0.05917969198723338,0.018800872926975992,0.8752375072049661,0.022645019765045814,0.0
3,Mme la présidente,La parole est à Mme Ayda Hadizadeh pour poser trois questions.,2816.76,2832.62,0.0,0.0,0.1817857808458168,0.2105331838999256,0.26502883586446957,0.22984731069271208,0.11280488869707596
3,Mme Ayda Hadizadeh (SOC),"Mes interrogations portent sur un point précis qui concerne la lutte contre le crime organisé et qui nous a beaucoup occupés dans l’hémicycle lors de l’examen de la proposition de loi visant à sortir la France du piège du narcotrafic. Il s’agit de la captation de données judiciaires à distance, c’est-à-dire l’interception de données SMS sur les messageries chiffrées et l’accès à distance aux terminaux.Nous en avons aujourd’hui la capacité et tout cela est encadré juridiquement : ces pratiques sont autorisées dans le cadre d’enquêtes judiciaires, notamment en matière de terrorisme et de criminalité organisée. Le service technique national de captation judiciaire (STNCJ) assure cette mission pour l’État. Le problème, ce n’est pas le droit, ni même la technologie – puisqu’on a les moyens de le faire –, c’est notre capacité à le faire. Aujourd’hui, les outils existent mais, en France, ils sont sous-dimensionnés. Le STNCJ travaille avec des moyens limités en volume, en couverture et en rapidité d’exécution. Par principe et à raison, la France refuse de confier ses missions ultrasensibles à des sociétés privées étrangères, notamment israéliennes – les Israéliens ont développé une grande capacité en la matière.Faute de solutions souveraines suffisamment robustes, nous restons dans une forme d’artisanat technique, alors que nous devrions être à l’âge industriel. Pendant ce temps, les demandes explosent, dans le cadre d’enquêtes sur les réseaux de stupéfiants ou les crimes commis en bande organisée, en particulier les affaires d’exploitation de mineurs. Je rappelle en effet à nos collègues du Rassemblement national que les mineurs non accompagnés sont des victimes de réseaux d’exploitation. Ce ne sont pas des mineurs délinquants ; ils tombent dans la délinquance parce qu’ils sont victimes – ce sont des enfants. Pour en revenir à la captation, les services de terrain doivent souvent attendre et, de ce fait, ils renoncent, faute de créneaux et de moyens alloués. On se retrouve dans une situation absurde : on a la prétention de jouer en Ligue des champions avec les moyens de la D2 – deuxième division.Nous savons que la captation constitue un levier stratégique pour désorganiser les réseaux, remonter les filières et protéger les victimes, qui sont toujours parmi les plus vulnérables de notre société. Mais l’efficacité de ce levier dépend de la réactivité, de la souveraineté et de la proximité avec le terrain. Aujourd’hui, chers collègues sur tous les bancs, nous devrions partager un même objectif : un objectif commun, simple, clair et basique. Il faut que nous renforcions massivement les capacités du service technique national de captation judiciaire. Pardonnez-moi d’être technique et précise, mais des fois, pour être efficace, il faut l’être. Nous devons en faire un service pleinement opérationnel, capable d’intervenir rapidement, y compris, et surtout, à l’échelle locale, ce qui n’est pas le cas aujourd’hui. Cela suppose donc une montée en puissance technique, humaine, et, bien évidemment, budgétaire.Je vous poserai donc trois questions très précises :Quels moyens budgétaires le ministère prévoit-il pour renforcer durablement le service technique national de captation judiciaire afin de répondre à la montée en charge des demandes – la captation étant, je le rappelle, tout à fait autorisée dans le cadre de la loi ?Quelles mesures sont engagées pour développer des outils technologiques français souverains et ainsi réduire notre dépendance à des prestataires étrangers, dans un domaine aussi stratégique et sensible ?Enfin, comment le ministère entend-il élargir l’accès à ses capacités aux services territoriaux, afin de sortir de la logique de priorisation permanente et de garantir une réponse opérationnelle sur tout le territoire ?",2832.62,3068.82,0.0,0.22058536719297972,0.12272636831943219,0.3075793119292883,0.1797096872421829,0.055485523876087024,0.11391374144002991
3,Mme la présidente,La parole est à M. le ministre.,3068.82,3071.7,0.0,0.0,0.11248379519116115,0.1749782905827167,0.3467713391864769,0.16718565301123584,0.19858092202840943
3,M. François-Noël Buffet,"Je vous remercie pour ces questions précises et pertinentes. Rappelons que le STNCJ est un service interministériel de compétence nationale, rattaché la direction générale de la sécurité intérieure (DGSI). Il est cofinancé par le ministère de l’intérieur et le ministère de la justice, qui assurent respectivement 60 % et 40 % du financement. Son budget annuel s’élève à 4,2 millions d’euros.Ce service est chargé de la conception, de la centralisation et de la mise en œuvre du dispositif de captation judiciaire. Il s’appuie sur les capacités techniques et opérationnelles du service de la direction générale de sécurité intérieure développées au titre du renseignement. Il a le monopole de la captation en matière judiciaire, qu’il met en œuvre pour les infractions dites du haut du spectre : le terrorisme, les atteintes aux intérêts fondamentaux de la nation et la criminalité organisée, depuis l’adoption de la proposition de loi visant à sortir la France du piège du narcotrafic, qui vient d’être validée par le Conseil constitutionnel.Il répond aux saisines des différentes unités d’investigation du ministère, que ce soit la direction générale de la police nationale (DGPN), la préfecture de police de Paris, la direction générale de la gendarmerie nationale (DGGN) ou le service national de douane judiciaire (SNDJ). Son activité est couverte par le secret de la défense nationale et contrôlée par deux personnalités qualifiées. Ses orientations sont définies par un comité stratégique coprésidé par le ministre de l’intérieur et le ministre de la justice.Vous avez raison de le souligner, ce service fait face depuis le début de l’année 2024 à un accroissement important des demandes de captation judiciaire, et cette tendance se confirme depuis le début de l’année 2025. Les deux ministères se sont mobilisés en 2025 sur le plan budgétaire : les crédits ont été revalorisés de 24 % par rapport au budget 2024 – il y a déjà eu une évolution – et les effectifs ont augmenté de 50 % – le STNCJ disposait de neuf équivalents temps plein (ETP), cinq y ont été ajoutés en 2025. En outre, l’environnement professionnel sur lequel s’appuie le STNCJ se renforce également. Même si je ne peux pas entrer dans les détails – vous le comprendrez, car ces éléments sont classifiés –, le ministère de l’intérieur a fortement investi dans ce service.En ce qui concerne les mesures engagées pour développer les outils technologiques souverains, nous sommes extrêmement sensibles à l’enjeu de la souveraineté numérique du ministère de l’intérieur. C’est la raison pour laquelle pour ce service, l’ensemble des outils techniques sous-jacents sont français – nous y sommes très vigilants.S’agissant de l’élargissement de l’accès à ces moyens sur le plan territorial afin de sortir de la logique de priorisation contrainte, nous avons engagé une démarche de sensibilisation et de présentation du dispositif pour qu’il soit mobilisé davantage. Nous développons notamment des actions de sensibilisation et de présentation auprès des magistrats, y compris des professionnels en formation à l’École nationale de la magistrature (ENM), car ce dispositif est peu connu.Voilà la situation au moment où je vous parle : le service est de plus en plus saisi, ses moyens financiers et humains ont été augmentés pour l’année budgétaire 2025, nous nous organisons pour qu’il mobilise des moyens souverains – des moyens français – et nous renforçons l’information des acteurs dans les territoires, en particulier des magistrats.",3071.7,3235.68,0.0,0.04306250299025226,0.08364776324525973,0.3335253906342752,0.3678781377190053,0.04105438124685703,0.13083182416435046
3,Mme la présidente,La parole est à Mme Ayda Hadizadeh.,3235.68,3300.14,0.0,0.0,0.2271547034696767,0.27884777621606893,0.1723745522556717,0.17903141137371212,0.14259155668487056
3,Mme Ayda Hadizadeh,"On passe de neuf équivalents temps plein à quinze. Nous pouvons tous l’admettre ici, c’est indignement sous-dimensionné. Ce n’est même pas un par point de deal ! Combien la France en compte-t-elle ? L’enjeu ne se limite pas aux points de deals. Avant d’échanger avec vous sur le crime organisé, j’étais présente lors du débat concernant l’aide sociale à l’enfance (ASE). Les foyers de l’ASE sont devenus des lieux de recrutement massif de jeunes filles et de jeunes hommes pour la prostitution – ce sont des réseaux organisés, qui planifient la prostitution de ces enfants.Nous devons absolument renforcer les moyens territoriaux. Nous avons tous les outils pour le faire. Il n’y a pas besoin de loi – il n’y a pas de temps à perdre à l’Assemblée. C’est au gouvernement de mener cette bataille – la ministre chargée des comptes publics devrait être présente –, pour doter notre police, qui fait un travail difficile mais qui, tel Don Quichotte, combat des moulins à vent. Donnons-leur les moyens d’agir concrètement. Nous avons l’outil, il faut le surdimensionner – il faut jouer en Ligue des champions maintenant.",3300.14,3369.42,0.032275358289639726,0.10843146099143729,0.7579040022578084,0.08056729732115724,0.020821881139957397,0.0,0.0
3,Mme la présidente,La parole est à M. le ministre.,3369.42,3372.3,0.0,0.0,0.11248379519116115,0.1749782905827167,0.3467713391864769,0.16718565301123584,0.19858092202840943
3,M. François-Noël Buffet,"Nous jouons bien dans la catégorie que vous évoquez. Rappelons que le dispositif s’appuie également sur les effectifs technico-opérationnels de la direction technique de la DGSI – les quinze personnes qui sont affectées au STNCJ travaillent avec d’autres collègues des services techniques de la DGSI, dont les effectifs augmentent, mais comme je vous l’ai indiqué, l’information est classifiée – vous comprendrez bien que je ne puisse pas vous la donner. Dans tous les cas, voilà la logique dans laquelle nous nous situons – il n’y a pas de difficulté.Nous prenons naturellement l’engagement de continuer à nous adapter, mais cela fait plusieurs années que nous le faisons en matière de renseignements, du point de vue de l’organisation et des moyens mis en place. Il n’est pas possible de nous faire ce reproche.",3372.3,3416.53,0.0,0.0,0.3942254460122524,0.34817653997845927,0.10550322137560118,0.09613630393567037,0.05595848869801675
3,Mme la présidente,La parole est à Mme Ayda Hadizadeh.,3416.53,3430.64,0.0,0.0,0.2271547034696767,0.27884777621606893,0.1723745522556717,0.17903141137371212,0.14259155668487056
3,Mme Ayda Hadizadeh,"C’est un reproche collectif, ne le prenez pas personnellement. Nous nous adaptons, certes, mais avec lenteur et des moyens sous-dimensionnés, il faut le dire. Il n’y a pas de honte à reconnaître qu’il faut aller plus vite. Au contraire, cela nous grandirait de dire : « Mettons toutes nos forces dans la bataille et allons-y ».",3430.64,3445.2,0.0,0.015985666824066092,0.027129186374670336,0.2924641977038062,0.014842262203241254,0.0,0.649578686894216
3,M. François-Noël Buffet,Bien sûr !,3445.2,3447.48,0.0,0.09390796846286928,0.2477252739194791,0.31156913098536987,0.0,0.18270001718392026,0.16409760944836155
3,Mme Ayda Hadizadeh,On sait que c’est sur ces messageries cryptées que les messages s’échangent. Nous n’avons pas besoin d’une nouvelle loi pour autoriser tout le monde à regarder.,3447.48,3454.7,0.0,0.0,0.3350774671321443,0.3926861361418412,0.12996311919184683,0.0855441081174867,0.0567291694166809
3,M. François-Noël Buffet,Si !,3454.7,3457.06,0.0,0.2068637354878556,0.22651192469882675,0.18299063771208474,0.11390495820063784,0.26972874390059504,0.0
3,Mme Ayda Hadizadeh,"Non, je vous assure, j’ai étudié le dossier. Si nous dotions suffisamment ce service technique en moyens, nous pourrions opérer la captation à l’intérieur du cadre juridique existant – dans le cadre d’une enquête judiciaire, on peut y aller. Nous n’aurions plus besoin de prioriser. Donnons aux services territoriaux les moyens de le faire. Créons des services territoriaux de ce fameux service national. Allons-y !",3457.06,3480.2,0.0,0.10594225387700469,0.45422581035572573,0.3396756291402641,0.0,0.03782602131080759,0.06233028531619784
3,Mme la présidente,La parole est à M. le ministre pour conclure cette séance de questions.,3480.2,3496.37,0.0,0.0,0.13635405174232532,0.10521257269247607,0.45965543702476386,0.22194433199084979,0.07683360654958496
3,M. François-Noël Buffet,"À l’issue de cette séance, on a le sentiment que rien n’existe, alors que c’est tout l’inverse. Les moyens sont alloués, les services sont réorganisés – je pourrais citer de mémoire des services qui n’existaient pas il y a encore quelques années qui se sont organisés, notamment dans le domaine du renseignement –, et les services de police sont confortés. Surtout, les moyens d’action existent : la loi visant à sortir la France du piège du narcotrafic, sur lequel se fonde toute la criminalité organisée dans notre territoire, va entrer en vigueur et donner à nos services la capacité d’agir.Madame la présidente, je vous remercie de m’avoir donné l’occasion de le dire.",3496.37,3536.39,0.0,0.026614487820042637,0.016346342002855244,0.24410587830372948,0.0,0.014840291496977742,0.6980930003763949
3,Mme la présidente,Nous avons terminé les questions.,3536.39,3538.17,0.0,0.0,0.08310409932009002,0.06341474063534346,0.633772087078206,0.09729132098002323,0.12241775198633734
